{"cameraMode":{"drawMode":0,"name":"Shaded","section":"Shading Mode"},"sceneLighting":false,"audioPlay":false,"sceneViewState":{"m_AlwaysRefresh":false,"showFog":true,"showSkybox":false,"showFlares":true,"showImageEffects":true,"showParticleSystems":true,"showVisualEffectGraphs":true,"m_FxEnabled":true},"in2DMode":false,"pivot":{"x":-1.525686502456665,"y":0.7363278865814209,"z":-0.30971381068229678},"rotation":{"x":0.22143259644508363,"y":-0.04240411892533302,"z":0.00964242685586214,"w":0.9741982221603394},"size":1.4657877683639527,"orthographic":false}